<alloy builddate="Thursday, May 15th, 2025">
<instance bitwidth="4" maxseq="-1" command="temporary-name_ttt_1" filename="/Users/siddharthaprasad/Desktop/copeanddrag/docs/examples/ttt/ttt.frg" version="4.1"  >

<sig label="seq/Int" ID="0" parentID="1" builtin="yes">
</sig>

<sig label="Int" ID="1" parentID="2" builtin="yes">

</sig>

<sig label="univ" ID="2" builtin="yes">
</sig>

<field label="no-field-guard" ID="3" parentID="2">
<types> <type ID="2"/><type ID="2"/> </types>
</field>

<sig label="Cell" ID="4" parentID="2">
<atom label="Cell0"/><atom label="Cell1"/><atom label="Cell2"/><atom label="Cell3"/><atom label="Cell4"/><atom label="Cell5"/><atom label="Cell6"/><atom label="Cell7"/><atom label="Cell8"/>
</sig>

<sig label="Mark" ID="5" parentID="2">

</sig>

<sig label="X" ID="6" parentID="5">
<atom label="X"/>
</sig>

<sig label="O" ID="7" parentID="5">
<atom label="O"/>
</sig>

<field label="mark" ID="8" parentID="4">
<tuple><atom label="Cell0"/><atom label="X"/></tuple>
<tuple><atom label="Cell2"/><atom label="X"/></tuple>
<tuple><atom label="Cell3"/><atom label="X"/></tuple>
<tuple><atom label="Cell4"/><atom label="X"/></tuple>
<tuple><atom label="Cell5"/><atom label="O"/></tuple>
<tuple><atom label="Cell6"/><atom label="O"/></tuple>
<tuple><atom label="Cell7"/><atom label="O"/></tuple>
<tuple><atom label="Cell8"/><atom label="O"/></tuple>
<types><type ID="4"/><type ID="5"/></types>

</field>

<field label="right" ID="9" parentID="4">
<tuple><atom label="Cell0"/><atom label="Cell6"/></tuple>
<tuple><atom label="Cell1"/><atom label="Cell0"/></tuple>
<tuple><atom label="Cell2"/><atom label="Cell4"/></tuple>
<tuple><atom label="Cell5"/><atom label="Cell7"/></tuple>
<tuple><atom label="Cell7"/><atom label="Cell3"/></tuple>
<tuple><atom label="Cell8"/><atom label="Cell2"/></tuple>
<types><type ID="4"/><type ID="4"/></types>

</field>

<field label="down" ID="10" parentID="4">
<tuple><atom label="Cell2"/><atom label="Cell7"/></tuple>
<tuple><atom label="Cell3"/><atom label="Cell6"/></tuple>
<tuple><atom label="Cell4"/><atom label="Cell3"/></tuple>
<tuple><atom label="Cell5"/><atom label="Cell1"/></tuple>
<tuple><atom label="Cell7"/><atom label="Cell0"/></tuple>
<tuple><atom label="Cell8"/><atom label="Cell5"/></tuple>
<types><type ID="4"/><type ID="4"/></types>

</field>

<skolem label="$c3_some25782" ID="11">
<tuple><atom label="Cell6"/></tuple>
<types><type ID="2"/></types>

</skolem>

<skolem label="$c1_some25780" ID="12">
<tuple><atom label="Cell8"/></tuple>
<types><type ID="2"/></types>

</skolem>

<skolem label="$c2_some25781" ID="13">
<tuple><atom label="Cell7"/></tuple>
<types><type ID="2"/></types>

</skolem>


</instance>

<source filename="/Users/siddharthaprasad/Desktop/copeanddrag/docs/examples/ttt/ttt.frg" content="#lang forge
&#xA;
&#xA;abstract sig Mark {}
&#xA;one sig X extends Mark {}
&#xA;one sig O extends Mark {}
&#xA;
&#xA;// Define the Cell signature with relations to neighboring cells
&#xA;sig Cell {
&#xA;    down: lone Cell,
&#xA;    right: lone Cell,
&#xA;    mark: lone Mark
&#xA;} 
&#xA;
&#xA;
&#xA;pred topLeft[ tl : Cell ] {
&#xA;
&#xA;    all x: (Cell - tl) | x in tl.^(down + right)
&#xA;
&#xA;    // Topmost row
&#xA;    all r : tl.*right | 
&#xA;    {
&#xA;        no (down.r)    // Top row has nothing above it
&#xA;        //#(r.down) = #(tl.*down)   // All rows have the same number of cells
&#xA;
&#xA;    }
&#xA;
&#xA;    // Leftmost columm
&#xA;    all c : (tl.*down) | {
&#xA;        no right.c   // Left column has nothing to the left of it
&#xA;        //#(c.right) = #(tl.*right)   // All columns have the same number of cells
&#xA;    }
&#xA;}
&#xA;
&#xA;
&#xA;
&#xA;pred grid {
&#xA;    one tl: Cell | topLeft[tl]
&#xA;    //one br: Cell | bottomRight[br]
&#xA;
&#xA;    // Ensure that down and right are acyclic
&#xA;    no c: Cell | c in c.^(down + right)
&#xA;
&#xA;    all c : Cell {
&#xA;        lone (down.c)
&#xA;        lone (right.c)
&#xA;        (some c.right) implies { #(c.^down) = #((c.right).^down) }
&#xA;        (some c.down) implies { #(c.^right) = #((c.down).^right) }
&#xA;    }
&#xA;
&#xA;    // Down and right are disjoint
&#xA;    no (right &amp; down)
&#xA;}
&#xA;
&#xA;
&#xA;pred square_grid {
&#xA;    grid
&#xA;    all c : Cell | topLeft[c] =&amp;gt; (#(c.^down) = #(c.^right))
&#xA;}
&#xA;
&#xA;pred ttt {
&#xA;    square_grid
&#xA;}
&#xA;
&#xA;pred nonsquare {
&#xA;    grid
&#xA;    not square_grid // THIS IS THE BUG
&#xA;    some down
&#xA;    some right
&#xA;}
&#xA;
&#xA;
&#xA;inst xo {
&#xA;    X = `X
&#xA;    O = `O
&#xA;    Mark = X + O
&#xA;}
&#xA;
&#xA;pred owinner_diag {
&#xA;    ttt
&#xA;    some c1, c2, c3: Cell | {
&#xA;       
&#xA;       c1.mark = O and c2.mark = O and c3.mark = O
&#xA;       
&#xA;       topLeft[c1]
&#xA;       c2 = c1.right.down
&#xA;       c3 = c2.right.down
&#xA;
&#xA;       //all c : (Cell - (c1 + c2 + c3)) | c.mark != O
&#xA;
&#xA;    }
&#xA;
&#xA;    
&#xA;
&#xA;    # ({c : Cell |  c.mark = O}) = #({c : Cell | c.mark = X}) 
&#xA;
&#xA;
&#xA;}
&#xA;
&#xA;
&#xA;run {
&#xA;    ttt
&#xA;    owinner_diag
&#xA;} for exactly 9 Cell for xo
&#xA;"></source>
</alloy>